<ConfigCache xmlns="http://xml.avaya.com/endpointAPI">
<source>
<name>ppm</name>
<data>
	<version>1437674072</version>
	<parameter>
		<name>ProxyServiceVersion</name>
		<value>5.0</value>
	</parameter>
	<parameter>
		<name>MessageWaitingExtension</name>
		<value>40012@iposv.ro</value>
	</parameter>
	<parameter>
		<name>SelectRingingCallAppearanceOnOffHook</name>
		<value>1</value>
	</parameter>
	<parameter>
		<name>SelectRingingBridgedAppearanceOnOffHook</name>
		<value>1</value>
	</parameter>
	<parameter>
		<name>MuteOnRemoteOffHook</name>
		<value>0</value>
	</parameter>
	<parameter>
		<name>PersonalRingTonePattern</name>
		<value>1</value>
	</parameter>
	<parameter>
		<name>RegistrationTimer</name>
		<value>3600</value>
	</parameter>
	<parameter>
		<name>LineReservationTimer</name>
		<value>30</value>
	</parameter>
	<parameter>
		<name>RtcpMonitoringPortNumber</name>
		<value>5005</value>
	</parameter>
	<parameter>
		<name>RtcpMonitoringPeriod</name>
		<value>5</value>
	</parameter>
	<parameter>
		<name>VideoLicensed</name>
		<value>1</value>
	</parameter>
	<parameter>
		<name>UserEnableVideo</name>
		<value>1</value>
	</parameter>
	<parameter>
		<name>TransferUponHangup</name>
		<value>0</value>
	</parameter>
	<parameter>
		<name>DefaultAudioPath</name>
		<value>1</value>
	</parameter>
	<parameter>
		<name>ButtonClicksEnabled</name>
		<value>1</value>
	</parameter>
	<parameter>
		<name>ContinuousScrollingEnabled</name>
		<value>0</value>
	</parameter>
	<parameter>
		<name>PersonalRingToneWave</name>
		<value>1</value>
	</parameter>
	<parameter>
		<name>CallPickupRingType</name>
		<value>1</value>
	</parameter>
	<parameter>
		<name>CallPickupIndication</name>
		<value>3</value>
	</parameter>
	<parameter>
		<name>CallPickupRingTypeUserSelection</name>
		<value>-1</value>
	</parameter>
	<parameter>
		<name>TeamButtonRingTypePerButton</name>
		<value></value>
	</parameter>
	<parameter>
		<name>BCAButtonRingTypePerButton</name>
		<value></value>
	</parameter>
	<parameter>
		<name>CallForwardRing</name>
		<value>0</value>
	</parameter>
	<parameter>
		<name>ReturnToHomeScreen</name>
		<value>1</value>
	</parameter>
	<parameter>
		<name>LargeFont</name>
		<value>0</value>
	</parameter>
	<parameter>
		<name>ShowPhoneScreenOnCall</name>
		<value>0</value>
	</parameter>
	<parameter>
		<name>ShowPhoneScreenOnAlert</name>
		<value>1</value>
	</parameter>
	<parameter>
		<name>DisplayCallTimers</name>
		<value>1</value>
	</parameter>
	<parameter>
		<name>UseVisualAlerting</name>
		<value>1</value>
	</parameter>
	<parameter>
		<name>EffectOfRedialButton</name>
		<value>1</value>
	</parameter>
	<parameter>
		<name>ErrortoneEnabled</name>
		<value>1</value>
	</parameter>
	<parameter>
		<name>PhoneScreenWidth</name>
		<value>1</value>
	</parameter>
	<parameter>
		<name>ShowQuickTouchPanel</name>
		<value>1</value>
	</parameter>
	<parameter>
		<name>PhoneEditedDialing</name>
		<value>0</value>
	</parameter>
	<parameter>
		<name>UseKeyRepeatDelay</name>
		<value>0</value>
	</parameter>
	<parameter>
		<name>ToggleNameNumber</name>
		<value>1</value>
	</parameter>
	<parameter>
		<name>AgcForHandset</name>
		<value>1</value>
	</parameter>
	<parameter>
		<name>AgcForHeadset</name>
		<value>1</value>
	</parameter>
	<parameter>
		<name>AgcForSpeaker</name>
		<value>1</value>
	</parameter>
	<parameter>
		<name>HeadsetProfile</name>
		<value>0</value>
	</parameter>
	<parameter>
		<name>HeadsetSignaling</name>
		<value>0</value>
	</parameter>
	<parameter>
		<name>SipUserDisplayname</name>
		<value></value>
	</parameter>
	<parameter>
		<name>Favorites</name>
		<value></value>
	</parameter>
	<parameter>
		<name>PersonalLabels</name>
		<value></value>
	</parameter>
	<parameter>
		<name>CurrentSkin</name>
		<value></value>
	</parameter>
	<parameter>
		<name>UserDisplayName</name>
		<value></value>
	</parameter>
	<parameter>
		<name>CurrentLogo</name>
		<value></value>
	</parameter>
	<parameter>
		<name>LanguageFileInUse</name>
		<value></value>
	</parameter>
	<parameter>
		<name>UserPreferredLanguage</name>
		<value>en</value>
	</parameter>
	<parameter>
		<name>LanguageInUse</name>
		<value></value>
	</parameter>
	<parameter>
		<name>TimeFormat</name>
		<value>0</value>
	</parameter>
	<parameter>
		<name>CallHistoryActivated</name>
		<value>1</value>
	</parameter>
	<parameter>
		<name>CallHistoryLoggingBridgedCalls</name>
		<value>1</value>
	</parameter>
	<parameter>
		<name>EnableAutomaticOnThePhonePresence</name>
		<value>1</value>
	</parameter>
	<parameter>
		<name>EnableAutomaticIdlePresence</name>
		<value>0</value>
	</parameter>
	<parameter>
		<name>DNDSACLinkManual</name>
		<value>0</value>
	</parameter>
	<parameter>
		<name>AwayTimer</name>
		<value>1</value>
	</parameter>
	<parameter>
		<name>AwayTimerValue</name>
		<value>60</value>
	</parameter>
	<parameter>
		<name>UseExchangeContacts</name>
		<value>0</value>
	</parameter>
	<parameter>
		<name>UseExchangeCalendar</name>
		<value>0</value>
	</parameter>
	<parameter>
		<name>ExchangeUserAccount</name>
		<value></value>
	</parameter>
	<parameter>
		<name>ExchangeUserPassword</name>
		<value></value>
	</parameter>
	<parameter>
		<name>EnableExchangeReminder</name>
		<value>0</value>
	</parameter>
	<parameter>
		<name>ExchangeReminderTime</name>
		<value>5</value>
	</parameter>
	<parameter>
		<name>ExchangeSnoozeTime</name>
		<value>5</value>
	</parameter>
	<parameter>
		<name>ExchangeReminderTone</name>
		<value>1</value>
	</parameter>
	<parameter>
		<name>AlwaysPromptForUsernameAndPassword</name>
		<value>0</value>
	</parameter>
	<parameter>
		<name>UserEnableVideo</name>
		<value>1</value>
	</parameter>
	<parameter>
		<name>IMAlertTone</name>
		<value>1</value>
	</parameter>
	<parameter>
		<name>HtmlBrowserExceptionDomains</name>
		<value></value>
	</parameter>
	<parameter>
		<name>HtmlBrowserProxy</name>
		<value></value>
	</parameter>
	<parameter>
		<name>HtmlBookmarksList</name>
		<value></value>
	</parameter>
	<parameter>
		<name>UseMuteAlerting</name>
		<value>0</value>
	</parameter>
	<parameter>
		<name>QKLOGINSTAT</name>
		<value>0</value>
	</parameter>
	<parameter>
		<name>RECOVERYREGISTERWAIT</name>
		<value>60</value>
	</parameter>
	<parameter>
		<name>FAILBACK_POLICY</name>
		<value>auto</value>
	</parameter>
	<parameter>
		<name>FAST_RESPONSE_TIMEOUT</name>
		<value>2</value>
	</parameter>
	<parameter>
		<name>SIPREGPROXYPOLICY</name>
		<value>simultaneous</value>
	</parameter>
	<parameter>
		<name>VLAN_NUMBER</name>
		<value>0</value>
	</parameter>
	<parameter>
		<name>CALL_CONTROL_PHB</name>
		<value>46</value>
	</parameter>
	<parameter>
		<name>AUDIO_PHB</name>
		<value>46</value>
	</parameter>
	<parameter>
		<name>VIDEO_PHB</name>
		<value>26</value>
	</parameter>
	<parameter>
		<name>CALL_CONTROL_802_PRIORITY</name>
		<value>6</value>
	</parameter>
	<parameter>
		<name>AUDIO_802_PRIORITY</name>
		<value>6</value>
	</parameter>
	<parameter>
		<name>VIDEO_802_PRIORITY</name>
		<value>5</value>
	</parameter>
	<parameter>
		<name>SipControllerList</name>
		<value>172.29.64.10:5061;transport=tls</value>
	</parameter>
	<parameter>
		<name>SipDomain</name>
		<value>iposv.ro</value>
	</parameter>
</data>
</source>
</ConfigCache>