<?xml version="1.0"?>
<!DOCTYPE parameterDefinitions [
<!ENTITY lsquo "&#8216;">
<!ENTITY rsquo "&#8217;">
<!ENTITY ldquo "&#8220;">
<!ENTITY rdquo "&#8221;">
<!ENTITY empty "">
<!ENTITY Any ".">
<!ENTITY LABEL "([-A-Za-z0-9._]{1,16})">
<!-- A directory name can contain alpha-numerics plus period, hyphen, underscore and space -->
<!ENTITY DIRNAME "([-A-Za-z0-9_][-A-Za-z0-9._ ]{0,31})">
<!-- A file name is similar to a directory name, but can not contain a space -->
<!ENTITY FILENAME "([-A-Za-z0-9._]{1,32})">
<!ENTITY DIALSTRING "([0-9#*]+)">
<!-- For convenience in IPv4ADDR -->
<!ENTITY D "(25[0-5])|(2[0-4]\d)|([01]?\d?\d)">
<!-- An IP v4 address in dotted decimal -->
<!ENTITY IPv4ADDR "((&D;)(\.(&D;)){3,3})">
]>
<parameterDefinitions xsi:noNamespaceSchemaLocation="./ConfigParameterSpec.xsd" xmlns:xsi="http://www.w3.org/2001/XMLSchema-instance" xmlns:xh="http://www.w3.org/1999/xhtml">
<stringPattern name="Generic">
<pattern>(([^  ]+)|(""[^""""]*""))</pattern>
<documentation>A &lt;xh:b&gt;Generic&lt;/xh:b&gt; string is one that either does not contain any tabs or spaces or is enclosed in double-quotes, in which case, it can contain anything except a double quote. Note that if a formal XML list contains a string that contains a space, an XML parser will not be able to parse the list properly.</documentation>
</stringPattern>
<stringPattern name="NumericString">
<pattern>(\d*)</pattern>
<documentation>&lt;xh:b&gt;NumericString&lt;/xh:b&gt; matches a string consisting of all and only digits.  This is included to avoid any issues that might arise if a string of its is too long to be represented as some sort of integer.</documentation>
</stringPattern>
<stringPattern name="DialString">
<pattern>((&amp;DIALSTRING;)?)</pattern>
<documentation>A DialString contains zero or more characters that appear on a telephone keypad, i.e., the digits zero through nine, &amp;ldquo;*&amp;rdquo; and &amp;ldquo;#&amp;rdquo;.</documentation>
</stringPattern>
<stringPattern name="DirName">
<pattern>(&amp;DIRNAME;)</pattern>
<documentation>A directory name can contain up to 32 characters.  Each character can be an uppercase (A-Z) or lowercase (a-z) letter, a digit (0-9) or one of four other characters, a hyphen (&amp;ldquo;-&amp;rdquo;), period (&amp;ldquo;.&amp;rdquo;), underscore (&amp;ldquo;_&amp;rdquo;) or space (&amp;ldquo; &amp;rdquo;). Note that a directory name can include a blank space (&amp;ldquo; &amp;rdquo;), but a filename  name can not.</documentation>
</stringPattern>
<stringPattern name="FileName">
<pattern>(&amp;FILENAME;)</pattern>
<documentation>A directory name can contain up to 32 characters.  Each character can be an uppercase (A-Z) or lowercase (a-z) letter, a digit (0-9) or one of four other characters, a hyphen (&amp;ldquo;-&amp;rdquo;), a period (&amp;ldquo;.&amp;rdquo; or an underscore (&amp;ldquo;_&amp;rdquo;). Note that a file name can not include a blank space (&amp;ldquo; &amp;rdquo;), but a directory name can.</documentation>
</stringPattern>
<stringPattern name="FilePath">
<pattern>(/?(&amp;DIRNAME;/)*&amp;FILENAME;)</pattern>
<documentation>A FilePath specifies an absolute path to a file.  All the directories in the path satisfy the requirements of a &lt;xh:i&gt;DirName&lt;/xh:i&gt; and the filename satisfies the requirements for a &lt;xh:i&gt;FileName&lt;/xh:i&gt;&lt;xh:br/&gt;</documentation>
</stringPattern>
<stringPattern name="DirPath">
<pattern>(/?&amp;DIRNAME;(/&amp;DIRNAME;)*/?)</pattern>
<documentation>A DirPath specifies an absolute path to a directory.  All the directories in the path are separated by forward slashes (&amp;ldquo;/&amp;rdquo;) and each directory satisfies the requirements of a &lt;xh:i&gt;DirName&lt;/xh:i&gt;.</documentation>
</stringPattern>
<stringPattern name="IPv4Address">
<pattern>(&amp;IPv4ADDR;)</pattern>
<documentation>An valid IPv4 address consists of four decimal numbers between 0 and 255 (inclusive) separated by periods (&amp;ldquo;.&amp;rdquo;).</documentation>
</stringPattern>
<stringPattern name="FailBackPolicyString">
<pattern>(([aA][dD][mM][iI][nN])|([aA][uU][tT][oO]))</pattern>
<documentation>Allowed values are case-insensitive versions of &amp;ldquo;auto&amp;rdquo; or &amp;ldquo;admin&amp;rdquo;.</documentation>
</stringPattern>
<stringPattern name="EapTypeString">
<pattern>((MD5)|(TLS))</pattern>
<documentation>The list of EAP methods that are supported by one or more Avaya IP telephones.</documentation>
</stringPattern>
<stringPattern name="DateFormatString">
<pattern>(([^%]|(%[dmyY%]))*)</pattern>
<documentation>"Meaning: String defining the date format according to the following formatting rules: %d   means day of the month as decimal number inserted here %m   means month as decimal number inserted here %y   means year (without century) as a decimal number inserted here</documentation>
</stringPattern>
<stringPattern name="CountryNameString">
<pattern>(Argentina|Australia|Brazil|Canada|France|Germany|Ireland|Italy|Mexico|Spain|UK|USA)</pattern>
<documentation>Case-sensitive versions of countries for which call progress tones are supported.  All names are in English.</documentation>
</stringPattern>
<stringPattern name="GmtOffsetString">
<pattern>([\-+]?(((0?\d)|(1[012]))(:[0-5]?[0-9])?))</pattern>
<documentation>a positive or negative number of hours and minutes less than 13 hours (1 to 6 characters, optionally beginning with &amp;ldquo;+&amp;rdquo; or &amp;ldquo;-&amp;ldquo;, followed by one or two number digits whose combined value is from &amp;ldquo;0&amp;rdquo; to &amp;ldquo;12&amp;rdquo;  optionally followed by a &amp;ldquo;:&amp;rdquo; and two numeric digits whose combined value is from &amp;ldquo;00&amp;rdquo; to &amp;ldquo;59&amp;rdquo;) Default: &amp;ldquo;0:00&amp;rdquo;</documentation>
</stringPattern>
<stringPattern name="DNSName">
<pattern>(&amp;DNSNAME;)</pattern>
<documentation>"Only valid DNS names are allowed.  A valid DNS name consists of one or more strings separated by ""."". Each string is 1 to 63 characters long; must start with an alphabetic character;  must end with an alphanumeric character; and can contain only alphanumeric characters plus a hyphen.</documentation>
</stringPattern>
<stringPattern name="IPv4AddressOrName">
<pattern>((&amp;IPv4ADDR;)|(&amp;DNSNAME;))</pattern>
<documentation>"The pattern &lt;xh:b&gt;IPv4AddressOrName&lt;/xh:b&gt; matches &lt;xh:br/&gt;1. valid IPv4 IP addresses of the form &lt;xh:i&gt;w.x.y.z&lt;/xh:i&gt; where &lt;xh:i&gt;w, x, y  &lt;/xh:i&gt; and &lt;xh:i&gt;z&lt;/xh:i&gt;  are decimal numbers between 0 and 255, inclusive; and 2. valid DNS Names that consist of dot separated equences of up to 61 alpha-numeric (plus ""-"") Latin characters. Note that this pattern &lt;xh:i&gt;does not&lt;/xh:i&gt; enforce a total length on the DNS Name. That should be enforced by the parameter definition using maxLength.  Also note that an empty string is accepted as valid DNS Name.  This should either be changed, or enforced by adding a ""minLength"" attribute to String parameter elements."</documentation>
</stringPattern>
<parameter>
<name>LogLevel</name>
<parameterID>684</parameterID>
<integer name="VDI_LOG_LEVEL" min="0" max="7" default="6"/>
<defaultPermissionLevel>466</defaultPermissionLevel>
<actionRequiredOnChange>none</actionRequiredOnChange>
<setToDefaultOnCLEAR>false</setToDefaultOnCLEAR>
<setToDefaultOnRESET>false</setToDefaultOnRESET>
<dataCategory>
<deviceSpecific>false</deviceSpecific>
<extensionSpecific>false</extensionSpecific>
<usageRestriction>false</usageRestriction>
<userPreference>false</userPreference>
<account>false</account>
<system>true</system>
<systemValueControl>false</systemValueControl>
<operatingState>false</operatingState>
</dataCategory>
<secure>false</secure>
<precedence>
<default>0</default>
<configXML>5</configXML>
<DHCP>1</DHCP>
<settingsFile>3</settingsFile>
</precedence>
</parameter>
<parameter>
<name>EnableAutoLogin</name>
<parameterID>685</parameterID>
<integer name="VDI_ENABLE_AUTO_LOGIN" min="0" max="1" default="0"/>
<defaultPermissionLevel>466</defaultPermissionLevel>
<actionRequiredOnChange>none</actionRequiredOnChange>
<setToDefaultOnCLEAR>false</setToDefaultOnCLEAR>
<setToDefaultOnRESET>false</setToDefaultOnRESET>
<dataCategory>
<deviceSpecific>false</deviceSpecific>
<extensionSpecific>false</extensionSpecific>
<usageRestriction>false</usageRestriction>
<userPreference>false</userPreference>
<account>false</account>
<system>true</system>
<systemValueControl>false</systemValueControl>
<operatingState>false</operatingState>
</dataCategory>
<secure>false</secure>
<precedence>
<default>0</default>
<configXML>5</configXML>
<DHCP>1</DHCP>
<settingsFile>3</settingsFile>
</precedence>
</parameter>
<parameter>
<name>RememberPassword</name>
<parameterID>686</parameterID>
<integer name="VDI_REMEMBER_PASSWORD" min="0" max="1" default="0"/>
<defaultPermissionLevel>466</defaultPermissionLevel>
<actionRequiredOnChange>none</actionRequiredOnChange>
<setToDefaultOnCLEAR>false</setToDefaultOnCLEAR>
<setToDefaultOnRESET>false</setToDefaultOnRESET>
<dataCategory>
<deviceSpecific>false</deviceSpecific>
<extensionSpecific>false</extensionSpecific>
<usageRestriction>false</usageRestriction>
<userPreference>false</userPreference>
<account>false</account>
<system>true</system>
<systemValueControl>false</systemValueControl>
<operatingState>false</operatingState>
</dataCategory>
<secure>false</secure>
<precedence>
<default>0</default>
<configXML>5</configXML>
<DHCP>1</DHCP>
<settingsFile>3</settingsFile>
</precedence>
</parameter>
<parameter>
<name>EnableAutoStart</name>
<parameterID>687</parameterID>
<integer name="VDI_ENABLE_AUTO_START" min="0" max="1" default="0"/>
<defaultPermissionLevel>466</defaultPermissionLevel>
<actionRequiredOnChange>none</actionRequiredOnChange>
<setToDefaultOnCLEAR>false</setToDefaultOnCLEAR>
<setToDefaultOnRESET>false</setToDefaultOnRESET>
<dataCategory>
<deviceSpecific>false</deviceSpecific>
<extensionSpecific>false</extensionSpecific>
<usageRestriction>false</usageRestriction>
<userPreference>false</userPreference>
<account>false</account>
<system>true</system>
<systemValueControl>false</systemValueControl>
<operatingState>false</operatingState>
</dataCategory>
<secure>false</secure>
<precedence>
<default>0</default>
<configXML>5</configXML>
<DHCP>1</DHCP>
<settingsFile>3</settingsFile>
</precedence>
</parameter>
<parameter>
<name>EnableAutoConfig</name>
<parameterID>688</parameterID>
<integer name="VDI_ENABLE_AUTO_CONFIG" min="0" max="1" default="0"/>
<defaultPermissionLevel>466</defaultPermissionLevel>
<actionRequiredOnChange>none</actionRequiredOnChange>
<setToDefaultOnCLEAR>false</setToDefaultOnCLEAR>
<setToDefaultOnRESET>false</setToDefaultOnRESET>
<dataCategory>
<deviceSpecific>false</deviceSpecific>
<extensionSpecific>false</extensionSpecific>
<usageRestriction>false</usageRestriction>
<userPreference>false</userPreference>
<account>false</account>
<system>true</system>
<systemValueControl>false</systemValueControl>
<operatingState>false</operatingState>
</dataCategory>
<secure>false</secure>
<precedence>
<default>0</default>
<configXML>5</configXML>
<DHCP>1</DHCP>
<settingsFile>3</settingsFile>
</precedence>
</parameter>
<parameter>
<name>MicDevice</name>
<parameterID>689</parameterID>
<string name="VDI_MIC_DEVICE" pattern="Generic" maxLength="255" default=""/>
<defaultPermissionLevel>466</defaultPermissionLevel>
<actionRequiredOnChange>none</actionRequiredOnChange>
<setToDefaultOnCLEAR>false</setToDefaultOnCLEAR>
<setToDefaultOnRESET>false</setToDefaultOnRESET>
<dataCategory>
<deviceSpecific>false</deviceSpecific>
<extensionSpecific>false</extensionSpecific>
<usageRestriction>false</usageRestriction>
<userPreference>false</userPreference>
<account>false</account>
<system>true</system>
<systemValueControl>false</systemValueControl>
<operatingState>false</operatingState>
</dataCategory>
<secure>false</secure>
<precedence>
<default>0</default>
<configXML>5</configXML>
<DHCP>1</DHCP>
<settingsFile>3</settingsFile>
</precedence>
</parameter>
<parameter>
<name>PlaybackDevice</name>
<parameterID>690</parameterID>
<string name="VDI_PLAYBACK_DEVICE" pattern="Generic" maxLength="255" default=""/>
<defaultPermissionLevel>466</defaultPermissionLevel>
<actionRequiredOnChange>none</actionRequiredOnChange>
<setToDefaultOnCLEAR>false</setToDefaultOnCLEAR>
<setToDefaultOnRESET>false</setToDefaultOnRESET>
<dataCategory>
<deviceSpecific>false</deviceSpecific>
<extensionSpecific>false</extensionSpecific>
<usageRestriction>false</usageRestriction>
<userPreference>false</userPreference>
<account>false</account>
<system>true</system>
<systemValueControl>false</systemValueControl>
<operatingState>false</operatingState>
</dataCategory>
<secure>false</secure>
<precedence>
<default>0</default>
<configXML>5</configXML>
<DHCP>1</DHCP>
<settingsFile>3</settingsFile>
</precedence>
</parameter>
<parameter>
<name>RingerDevice</name>
<parameterID>691</parameterID>
<string name="VDI_RINGER_DEVICE" pattern="Generic" maxLength="255" default=""/>
<defaultPermissionLevel>466</defaultPermissionLevel>
<actionRequiredOnChange>none</actionRequiredOnChange>
<setToDefaultOnCLEAR>false</setToDefaultOnCLEAR>
<setToDefaultOnRESET>false</setToDefaultOnRESET>
<dataCategory>
<deviceSpecific>false</deviceSpecific>
<extensionSpecific>false</extensionSpecific>
<usageRestriction>false</usageRestriction>
<userPreference>false</userPreference>
<account>false</account>
<system>true</system>
<systemValueControl>false</systemValueControl>
<operatingState>false</operatingState>
</dataCategory>
<secure>false</secure>
<precedence>
<default>0</default>
<configXML>5</configXML>
<DHCP>1</DHCP>
<settingsFile>3</settingsFile>
</precedence>
</parameter>
<parameter>
<name>VideoDevice</name>
<parameterID>692</parameterID>
<string name="VDI_VIDEO_DEVICE" pattern="Generic" maxLength="255" default=""/>
<defaultPermissionLevel>466</defaultPermissionLevel>
<actionRequiredOnChange>none</actionRequiredOnChange>
<setToDefaultOnCLEAR>false</setToDefaultOnCLEAR>
<setToDefaultOnRESET>false</setToDefaultOnRESET>
<dataCategory>
<deviceSpecific>false</deviceSpecific>
<extensionSpecific>false</extensionSpecific>
<usageRestriction>false</usageRestriction>
<userPreference>false</userPreference>
<account>false</account>
<system>true</system>
<systemValueControl>false</systemValueControl>
<operatingState>false</operatingState>
</dataCategory>
<secure>false</secure>
<precedence>
<default>0</default>
<configXML>5</configXML>
<DHCP>1</DHCP>
<settingsFile>3</settingsFile>
</precedence>
</parameter>
<parameter>
<name>MicVolume</name>
<parameterID>693</parameterID>
<integer name="VDI_MIC_VOLUME" min="0" max="100" default="80"/>
<defaultPermissionLevel>466</defaultPermissionLevel>
<actionRequiredOnChange>none</actionRequiredOnChange>
<setToDefaultOnCLEAR>false</setToDefaultOnCLEAR>
<setToDefaultOnRESET>false</setToDefaultOnRESET>
<dataCategory>
<deviceSpecific>false</deviceSpecific>
<extensionSpecific>false</extensionSpecific>
<usageRestriction>false</usageRestriction>
<userPreference>false</userPreference>
<account>false</account>
<system>true</system>
<systemValueControl>false</systemValueControl>
<operatingState>false</operatingState>
</dataCategory>
<secure>false</secure>
<precedence>
<default>0</default>
<configXML>5</configXML>
<DHCP>1</DHCP>
<settingsFile>3</settingsFile>
</precedence>
</parameter>
<parameter>
<name>PlaybackVolume</name>
<parameterID>694</parameterID>
<integer name="VDI_PLAYBACK_VOLUME" min="0" max="100" default="80"/>
<defaultPermissionLevel>466</defaultPermissionLevel>
<actionRequiredOnChange>none</actionRequiredOnChange>
<setToDefaultOnCLEAR>false</setToDefaultOnCLEAR>
<setToDefaultOnRESET>false</setToDefaultOnRESET>
<dataCategory>
<deviceSpecific>false</deviceSpecific>
<extensionSpecific>false</extensionSpecific>
<usageRestriction>false</usageRestriction>
<userPreference>false</userPreference>
<account>false</account>
<system>true</system>
<systemValueControl>false</systemValueControl>
<operatingState>false</operatingState>
</dataCategory>
<secure>false</secure>
<precedence>
<default>0</default>
<configXML>5</configXML>
<DHCP>1</DHCP>
<settingsFile>3</settingsFile>
</precedence>
</parameter>
<parameter>
<name>RingerVolume</name>
<parameterID>695</parameterID>
<integer name="VDI_RINGER_VOLUME" min="0" max="100" default="80"/>
<defaultPermissionLevel>466</defaultPermissionLevel>
<actionRequiredOnChange>none</actionRequiredOnChange>
<setToDefaultOnCLEAR>false</setToDefaultOnCLEAR>
<setToDefaultOnRESET>false</setToDefaultOnRESET>
<dataCategory>
<deviceSpecific>false</deviceSpecific>
<extensionSpecific>false</extensionSpecific>
<usageRestriction>false</usageRestriction>
<userPreference>false</userPreference>
<account>false</account>
<system>true</system>
<systemValueControl>false</systemValueControl>
<operatingState>false</operatingState>
</dataCategory>
<secure>false</secure>
<precedence>
<default>0</default>
<configXML>5</configXML>
<DHCP>1</DHCP>
<settingsFile>3</settingsFile>
</precedence>
</parameter>
<parameter>
<name>RingOnIncoming</name>
<parameterID>696</parameterID>
<integer name="VDI_RING_ON_INCOMING" min="0" max="1" default="1"/>
<defaultPermissionLevel>466</defaultPermissionLevel>
<actionRequiredOnChange>none</actionRequiredOnChange>
<setToDefaultOnCLEAR>false</setToDefaultOnCLEAR>
<setToDefaultOnRESET>false</setToDefaultOnRESET>
<dataCategory>
<deviceSpecific>false</deviceSpecific>
<extensionSpecific>false</extensionSpecific>
<usageRestriction>false</usageRestriction>
<userPreference>false</userPreference>
<account>false</account>
<system>true</system>
<systemValueControl>false</systemValueControl>
<operatingState>false</operatingState>
</dataCategory>
<secure>false</secure>
<precedence>
<default>0</default>
<configXML>5</configXML>
<DHCP>1</DHCP>
<settingsFile>3</settingsFile>
</precedence>
</parameter>
<parameter>
<name>AutomaticGainControl</name>
<parameterID>697</parameterID>
<integer name="VDI_AUTOMATIC_GAIN_CONTROL_MODE" min="0" max="1" default="1"/>
<defaultPermissionLevel>466</defaultPermissionLevel>
<actionRequiredOnChange>none</actionRequiredOnChange>
<setToDefaultOnCLEAR>false</setToDefaultOnCLEAR>
<setToDefaultOnRESET>false</setToDefaultOnRESET>
<dataCategory>
<deviceSpecific>false</deviceSpecific>
<extensionSpecific>false</extensionSpecific>
<usageRestriction>false</usageRestriction>
<userPreference>false</userPreference>
<account>false</account>
<system>true</system>
<systemValueControl>false</systemValueControl>
<operatingState>false</operatingState>
</dataCategory>
<secure>false</secure>
<precedence>
<default>0</default>
<configXML>5</configXML>
<DHCP>1</DHCP>
<settingsFile>3</settingsFile>
</precedence>
</parameter>
<parameter>
<name>EchoCancellationMode</name>
<parameterID>698</parameterID>
<integer name="VDI_ECHO_CANCELLATION_MODE" min="0" max="1" default="1"/>
<defaultPermissionLevel>466</defaultPermissionLevel>
<actionRequiredOnChange>none</actionRequiredOnChange>
<setToDefaultOnCLEAR>false</setToDefaultOnCLEAR>
<setToDefaultOnRESET>false</setToDefaultOnRESET>
<dataCategory>
<deviceSpecific>false</deviceSpecific>
<extensionSpecific>false</extensionSpecific>
<usageRestriction>false</usageRestriction>
<userPreference>false</userPreference>
<account>false</account>
<system>true</system>
<systemValueControl>false</systemValueControl>
<operatingState>false</operatingState>
</dataCategory>
<secure>false</secure>
<precedence>
<default>0</default>
<configXML>5</configXML>
<DHCP>1</DHCP>
<settingsFile>3</settingsFile>
</precedence>
</parameter>
<parameter>
<name>NoiseSuppressionMode</name>
<parameterID>699</parameterID>
<integer name="VDI_NOISE_SUPPRESSION_MODE" min="0" max="5" default="1"/>
<defaultPermissionLevel>466</defaultPermissionLevel>
<actionRequiredOnChange>none</actionRequiredOnChange>
<setToDefaultOnCLEAR>false</setToDefaultOnCLEAR>
<setToDefaultOnRESET>false</setToDefaultOnRESET>
<dataCategory>
<deviceSpecific>false</deviceSpecific>
<extensionSpecific>false</extensionSpecific>
<usageRestriction>false</usageRestriction>
<userPreference>false</userPreference>
<account>false</account>
<system>true</system>
<systemValueControl>false</systemValueControl>
<operatingState>false</operatingState>
</dataCategory>
<secure>false</secure>
<precedence>
<default>0</default>
<configXML>5</configXML>
<DHCP>1</DHCP>
<settingsFile>3</settingsFile>
</precedence>
</parameter>
<parameter>
<name>EnableDscpForAudio</name>
<parameterID>700</parameterID>
<integer name="VDI_ENABLE_DSCP_FOR_AUDIO" min="0" max="1" default="1"/>
<defaultPermissionLevel>466</defaultPermissionLevel>
<actionRequiredOnChange>none</actionRequiredOnChange>
<setToDefaultOnCLEAR>false</setToDefaultOnCLEAR>
<setToDefaultOnRESET>false</setToDefaultOnRESET>
<dataCategory>
<deviceSpecific>false</deviceSpecific>
<extensionSpecific>false</extensionSpecific>
<usageRestriction>false</usageRestriction>
<userPreference>false</userPreference>
<account>false</account>
<system>true</system>
<systemValueControl>false</systemValueControl>
<operatingState>false</operatingState>
</dataCategory>
<secure>false</secure>
<precedence>
<default>0</default>
<configXML>5</configXML>
<DHCP>1</DHCP>
<settingsFile>3</settingsFile>
</precedence>
</parameter>
<parameter>
<name>EnableLayer2QoSForAudio</name>
<parameterID>701</parameterID>
<integer name="VDI_ENABLE_LAYER2_QOS_FOR_AUDIO" min="0" max="1" default="0"/>
<defaultPermissionLevel>466</defaultPermissionLevel>
<actionRequiredOnChange>none</actionRequiredOnChange>
<setToDefaultOnCLEAR>false</setToDefaultOnCLEAR>
<setToDefaultOnRESET>false</setToDefaultOnRESET>
<dataCategory>
<deviceSpecific>false</deviceSpecific>
<extensionSpecific>false</extensionSpecific>
<usageRestriction>false</usageRestriction>
<userPreference>false</userPreference>
<account>false</account>
<system>true</system>
<systemValueControl>false</systemValueControl>
<operatingState>false</operatingState>
</dataCategory>
<secure>false</secure>
<precedence>
<default>0</default>
<configXML>5</configXML>
<DHCP>1</DHCP>
<settingsFile>3</settingsFile>
</precedence>
</parameter>
<parameter>
<name>FTPUserName</name>
<parameterID>702</parameterID>
<string name="VDI_FTP_USER_NAME" pattern="Generic" maxLength="255" default="anonymous"/>
<defaultPermissionLevel>466</defaultPermissionLevel>
<actionRequiredOnChange>none</actionRequiredOnChange>
<setToDefaultOnCLEAR>false</setToDefaultOnCLEAR>
<setToDefaultOnRESET>false</setToDefaultOnRESET>
<dataCategory>
<deviceSpecific>false</deviceSpecific>
<extensionSpecific>false</extensionSpecific>
<usageRestriction>false</usageRestriction>
<userPreference>false</userPreference>
<account>false</account>
<system>true</system>
<systemValueControl>false</systemValueControl>
<operatingState>false</operatingState>
</dataCategory>
<secure>false</secure>
<precedence>
<default>0</default>
<configXML>5</configXML>
<DHCP>1</DHCP>
<settingsFile>3</settingsFile>
</precedence>
</parameter>
<parameter>
<name>FTPUserPassword</name>
<parameterID>703</parameterID>
<string name="VDI_FTP_USER_PASSWORD" pattern="Generic" maxLength="255" default=""/>
<defaultPermissionLevel>466</defaultPermissionLevel>
<actionRequiredOnChange>none</actionRequiredOnChange>
<setToDefaultOnCLEAR>false</setToDefaultOnCLEAR>
<setToDefaultOnRESET>false</setToDefaultOnRESET>
<dataCategory>
<deviceSpecific>false</deviceSpecific>
<extensionSpecific>false</extensionSpecific>
<usageRestriction>false</usageRestriction>
<userPreference>false</userPreference>
<account>false</account>
<system>true</system>
<systemValueControl>false</systemValueControl>
<operatingState>false</operatingState>
</dataCategory>
<secure>false</secure>
<precedence>
<default>0</default>
<configXML>5</configXML>
<DHCP>1</DHCP>
<settingsFile>3</settingsFile>
</precedence>
</parameter>
<parameter>
<name>FTPPort</name>
<parameterID>704</parameterID>
<integer name="VDI_FTP_PORT" min="0" max="65536" default="21"/>
<defaultPermissionLevel>466</defaultPermissionLevel>
<actionRequiredOnChange>none</actionRequiredOnChange>
<setToDefaultOnCLEAR>false</setToDefaultOnCLEAR>
<setToDefaultOnRESET>false</setToDefaultOnRESET>
<dataCategory>
<deviceSpecific>false</deviceSpecific>
<extensionSpecific>false</extensionSpecific>
<usageRestriction>false</usageRestriction>
<userPreference>false</userPreference>
<account>false</account>
<system>true</system>
<systemValueControl>false</systemValueControl>
<operatingState>false</operatingState>
</dataCategory>
<secure>false</secure>
<precedence>
<default>0</default>
<configXML>5</configXML>
<DHCP>1</DHCP>
<settingsFile>3</settingsFile>
</precedence>
</parameter>
<parameter>
<name>FTPPath</name>
<parameterID>705</parameterID>
<string name="VDI_FTP_PATH" pattern="Generic" maxLength="255" default=""/>
<defaultPermissionLevel>466</defaultPermissionLevel>
<actionRequiredOnChange>none</actionRequiredOnChange>
<setToDefaultOnCLEAR>false</setToDefaultOnCLEAR>
<setToDefaultOnRESET>false</setToDefaultOnRESET>
<dataCategory>
<deviceSpecific>false</deviceSpecific>
<extensionSpecific>false</extensionSpecific>
<usageRestriction>false</usageRestriction>
<userPreference>false</userPreference>
<account>false</account>
<system>true</system>
<systemValueControl>false</systemValueControl>
<operatingState>false</operatingState>
</dataCategory>
<secure>false</secure>
<precedence>
<default>0</default>
<configXML>5</configXML>
<DHCP>1</DHCP>
<settingsFile>3</settingsFile>
</precedence>
</parameter>
<parameter>
<name>FTPIPAddress</name>
<parameterID>706</parameterID>
<string name="VDI_FTP_IP_ADDRESS" pattern="IPv4AddressOrName" maxLength="255" default=""/>
<defaultPermissionLevel>466</defaultPermissionLevel>
<actionRequiredOnChange>none</actionRequiredOnChange>
<setToDefaultOnCLEAR>false</setToDefaultOnCLEAR>
<setToDefaultOnRESET>false</setToDefaultOnRESET>
<dataCategory>
<deviceSpecific>false</deviceSpecific>
<extensionSpecific>false</extensionSpecific>
<usageRestriction>false</usageRestriction>
<userPreference>false</userPreference>
<account>false</account>
<system>true</system>
<systemValueControl>false</systemValueControl>
<operatingState>false</operatingState>
</dataCategory>
<secure>false</secure>
<precedence>
<default>0</default>
<configXML>5</configXML>
<DHCP>1</DHCP>
<settingsFile>3</settingsFile>
</precedence>
</parameter>
<parameter>
<name>Language</name>
<parameterID>707</parameterID>
<string name="VDI_LANGUAGE" pattern="Generic" maxLength="255" default=""/>
<defaultPermissionLevel>466</defaultPermissionLevel>
<actionRequiredOnChange>none</actionRequiredOnChange>
<setToDefaultOnCLEAR>false</setToDefaultOnCLEAR>
<setToDefaultOnRESET>false</setToDefaultOnRESET>
<dataCategory>
<deviceSpecific>false</deviceSpecific>
<extensionSpecific>false</extensionSpecific>
<usageRestriction>false</usageRestriction>
<userPreference>false</userPreference>
<account>false</account>
<system>true</system>
<systemValueControl>false</systemValueControl>
<operatingState>false</operatingState>
</dataCategory>
<secure>false</secure>
<precedence>
<default>0</default>
<configXML>3</configXML>
<DHCP>1</DHCP>
<settingsFile>5</settingsFile>
</precedence>
</parameter>
<parameter>
<name>CertExpirePeriod</name>
<parameterID>708</parameterID>
<integer name="VDI_CERT_EXPIRE_PERIOD" min="30" max="60" default="30"/>
<defaultPermissionLevel>466</defaultPermissionLevel>
<actionRequiredOnChange>none</actionRequiredOnChange>
<setToDefaultOnCLEAR>false</setToDefaultOnCLEAR>
<setToDefaultOnRESET>false</setToDefaultOnRESET>
<dataCategory>
<deviceSpecific>false</deviceSpecific>
<extensionSpecific>false</extensionSpecific>
<usageRestriction>false</usageRestriction>
<userPreference>false</userPreference>
<account>false</account>
<system>true</system>
<systemValueControl>false</systemValueControl>
<operatingState>false</operatingState>
</dataCategory>
<secure>false</secure>
<precedence>
<default>0</default>
<configXML>5</configXML>
<DHCP>1</DHCP>
<settingsFile>3</settingsFile>
</precedence>
</parameter>
<parameter>
<name>VideoWindowWidth</name>
<parameterID>709</parameterID>
<integer name="VDI_VIDEO_WINDOW_WIDTH" min="0" max="65535" default="640"/>
<defaultPermissionLevel>466</defaultPermissionLevel>
<actionRequiredOnChange>none</actionRequiredOnChange>
<setToDefaultOnCLEAR>false</setToDefaultOnCLEAR>
<setToDefaultOnRESET>false</setToDefaultOnRESET>
<dataCategory>
<deviceSpecific>false</deviceSpecific>
<extensionSpecific>false</extensionSpecific>
<usageRestriction>false</usageRestriction>
<userPreference>true</userPreference>
<account>false</account>
<system>false</system>
<systemValueControl>false</systemValueControl>
<operatingState>false</operatingState>
</dataCategory>
<secure>false</secure>
<precedence>
<default>0</default>
<configXML>5</configXML>
<DHCP>1</DHCP>
<settingsFile>3</settingsFile>
</precedence>
</parameter>
<parameter>
<name>VideoWindowHeight</name>
<parameterID>710</parameterID>
<integer name="VDI_VIDEO_WINDOW_HEIGHT" min="0" max="65535" default="480"/>
<defaultPermissionLevel>466</defaultPermissionLevel>
<actionRequiredOnChange>none</actionRequiredOnChange>
<setToDefaultOnCLEAR>false</setToDefaultOnCLEAR>
<setToDefaultOnRESET>false</setToDefaultOnRESET>
<dataCategory>
<deviceSpecific>false</deviceSpecific>
<extensionSpecific>false</extensionSpecific>
<usageRestriction>false</usageRestriction>
<userPreference>true</userPreference>
<account>false</account>
<system>false</system>
<systemValueControl>false</systemValueControl>
<operatingState>false</operatingState>
</dataCategory>
<secure>false</secure>
<precedence>
<default>0</default>
<configXML>5</configXML>
<DHCP>1</DHCP>
<settingsFile>3</settingsFile>
</precedence>
</parameter>
<parameter>
<name>VideoWindowX</name>
<parameterID>711</parameterID>
<integer name="VDI_VIDEO_WINDOW_X" min="-32768" max="32767" default="0"/>
<defaultPermissionLevel>466</defaultPermissionLevel>
<actionRequiredOnChange>none</actionRequiredOnChange>
<setToDefaultOnCLEAR>false</setToDefaultOnCLEAR>
<setToDefaultOnRESET>false</setToDefaultOnRESET>
<dataCategory>
<deviceSpecific>false</deviceSpecific>
<extensionSpecific>false</extensionSpecific>
<usageRestriction>false</usageRestriction>
<userPreference>true</userPreference>
<account>false</account>
<system>false</system>
<systemValueControl>false</systemValueControl>
<operatingState>false</operatingState>
</dataCategory>
<secure>false</secure>
<precedence>
<default>0</default>
<configXML>5</configXML>
<DHCP>1</DHCP>
<settingsFile>3</settingsFile>
</precedence>
</parameter>
<parameter>
<name>VideoWindowY</name>
<parameterID>712</parameterID>
<integer name="VDI_VIDEO_WINDOW_Y" min="-32768" max="32767" default="0"/>
<defaultPermissionLevel>466</defaultPermissionLevel>
<actionRequiredOnChange>none</actionRequiredOnChange>
<setToDefaultOnCLEAR>false</setToDefaultOnCLEAR>
<setToDefaultOnRESET>false</setToDefaultOnRESET>
<dataCategory>
<deviceSpecific>false</deviceSpecific>
<extensionSpecific>false</extensionSpecific>
<usageRestriction>false</usageRestriction>
<userPreference>true</userPreference>
<account>false</account>
<system>false</system>
<systemValueControl>false</systemValueControl>
<operatingState>false</operatingState>
</dataCategory>
<secure>false</secure>
<precedence>
<default>0</default>
<configXML>5</configXML>
<DHCP>1</DHCP>
<settingsFile>3</settingsFile>
</precedence>
</parameter>
<parameter>
<name>VideoWindowMaximize</name>
<parameterID>713</parameterID>
<integer name="VDI_VIDEO_WINDOW_MAXIMIZE" min="0" max="1" default="0"/>
<defaultPermissionLevel>466</defaultPermissionLevel>
<actionRequiredOnChange>none</actionRequiredOnChange>
<setToDefaultOnCLEAR>false</setToDefaultOnCLEAR>
<setToDefaultOnRESET>false</setToDefaultOnRESET>
<dataCategory>
<deviceSpecific>false</deviceSpecific>
<extensionSpecific>false</extensionSpecific>
<usageRestriction>false</usageRestriction>
<userPreference>true</userPreference>
<account>false</account>
<system>false</system>
<systemValueControl>false</systemValueControl>
<operatingState>false</operatingState>
</dataCategory>
<secure>false</secure>
<precedence>
<default>0</default>
<configXML>5</configXML>
<DHCP>1</DHCP>
<settingsFile>3</settingsFile>
</precedence>
</parameter>
<parameter>
<name>SelfViewX</name>
<parameterID>714</parameterID>
<integer name="VDI_SELF_VIEW_X" min="-32768" max="32767" default="-1"/>
<defaultPermissionLevel>466</defaultPermissionLevel>
<actionRequiredOnChange>none</actionRequiredOnChange>
<setToDefaultOnCLEAR>false</setToDefaultOnCLEAR>
<setToDefaultOnRESET>false</setToDefaultOnRESET>
<dataCategory>
<deviceSpecific>false</deviceSpecific>
<extensionSpecific>false</extensionSpecific>
<usageRestriction>false</usageRestriction>
<userPreference>true</userPreference>
<account>false</account>
<system>false</system>
<systemValueControl>false</systemValueControl>
<operatingState>false</operatingState>
</dataCategory>
<secure>false</secure>
<precedence>
<default>0</default>
<configXML>5</configXML>
<DHCP>1</DHCP>
<settingsFile>3</settingsFile>
</precedence>
</parameter>
<parameter>
<name>SelfViewY</name>
<parameterID>715</parameterID>
<integer name="VDI_SELF_VIEW_Y" min="-32768" max="32767" default="-1"/>
<defaultPermissionLevel>466</defaultPermissionLevel>
<actionRequiredOnChange>none</actionRequiredOnChange>
<setToDefaultOnCLEAR>false</setToDefaultOnCLEAR>
<setToDefaultOnRESET>false</setToDefaultOnRESET>
<dataCategory>
<deviceSpecific>false</deviceSpecific>
<extensionSpecific>false</extensionSpecific>
<usageRestriction>false</usageRestriction>
<userPreference>true</userPreference>
<account>false</account>
<system>false</system>
<systemValueControl>false</systemValueControl>
<operatingState>false</operatingState>
</dataCategory>
<secure>false</secure>
<precedence>
<default>0</default>
<configXML>5</configXML>
<DHCP>1</DHCP>
<settingsFile>3</settingsFile>
</precedence>
</parameter>
<parameter>
<name>SelfViewWidth</name>
<parameterID>716</parameterID>
<integer name="VDI_SELF_VIEW_WIDTH" min="0" max="65535" default="160"/>
<defaultPermissionLevel>466</defaultPermissionLevel>
<actionRequiredOnChange>none</actionRequiredOnChange>
<setToDefaultOnCLEAR>false</setToDefaultOnCLEAR>
<setToDefaultOnRESET>false</setToDefaultOnRESET>
<dataCategory>
<deviceSpecific>false</deviceSpecific>
<extensionSpecific>false</extensionSpecific>
<usageRestriction>false</usageRestriction>
<userPreference>true</userPreference>
<account>false</account>
<system>false</system>
<systemValueControl>false</systemValueControl>
<operatingState>false</operatingState>
</dataCategory>
<secure>false</secure>
<precedence>
<default>0</default>
<configXML>5</configXML>
<DHCP>1</DHCP>
<settingsFile>3</settingsFile>
</precedence>
</parameter>
<parameter>
<name>SelfViewHeight</name>
<parameterID>717</parameterID>
<integer name="VDI_SELF_VIEW_HEIGHT" min="0" max="65535" default="120"/>
<defaultPermissionLevel>466</defaultPermissionLevel>
<actionRequiredOnChange>none</actionRequiredOnChange>
<setToDefaultOnCLEAR>false</setToDefaultOnCLEAR>
<setToDefaultOnRESET>false</setToDefaultOnRESET>
<dataCategory>
<deviceSpecific>false</deviceSpecific>
<extensionSpecific>false</extensionSpecific>
<usageRestriction>false</usageRestriction>
<userPreference>true</userPreference>
<account>false</account>
<system>false</system>
<systemValueControl>false</systemValueControl>
<operatingState>false</operatingState>
</dataCategory>
<secure>false</secure>
<precedence>
<default>0</default>
<configXML>5</configXML>
<DHCP>1</DHCP>
<settingsFile>3</settingsFile>
</precedence>
</parameter>
<parameter>
<name>SelfViewVisible</name>
<parameterID>718</parameterID>
<integer name="VDI_SELF_VIEW_VISIBLE" min="0" max="1" default="0"/>
<defaultPermissionLevel>466</defaultPermissionLevel>
<actionRequiredOnChange>none</actionRequiredOnChange>
<setToDefaultOnCLEAR>false</setToDefaultOnCLEAR>
<setToDefaultOnRESET>false</setToDefaultOnRESET>
<dataCategory>
<deviceSpecific>false</deviceSpecific>
<extensionSpecific>false</extensionSpecific>
<usageRestriction>false</usageRestriction>
<userPreference>true</userPreference>
<account>false</account>
<system>false</system>
<systemValueControl>false</systemValueControl>
<operatingState>false</operatingState>
</dataCategory>
<secure>false</secure>
<precedence>
<default>0</default>
<configXML>5</configXML>
<DHCP>1</DHCP>
<settingsFile>3</settingsFile>
</precedence>
</parameter>
<parameter>
<name>VirtualWindowClassNameList</name>
<parameterID>719</parameterID>
<stringList name="VDI_VIRTUAL_WINDOW_CLASS_NAME_LIST" pattern="" maxLength="255" maxListLength="255" default="WindowsForms10.Window.8.app.0.b7ab7b,WindowsForms10.Window.8.app.0.3b95145,WindowsForms10.Window.8.app.0.2b89eaa_r16_ad1,WindowsForms10.Window.8.app.0.2b89eaa_r11_ad1,#32770,Wfica,vmware-view"/>
<defaultPermissionLevel>466</defaultPermissionLevel>
<actionRequiredOnChange>none</actionRequiredOnChange>
<setToDefaultOnCLEAR>false</setToDefaultOnCLEAR>
<setToDefaultOnRESET>false</setToDefaultOnRESET>
<dataCategory>
<deviceSpecific>false</deviceSpecific>
<extensionSpecific>false</extensionSpecific>
<usageRestriction>false</usageRestriction>
<userPreference>true</userPreference>
<account>false</account>
<system>false</system>
<systemValueControl>false</systemValueControl>
<operatingState>false</operatingState>
</dataCategory>
<secure>false</secure>
<precedence>
<default>0</default>
<configXML>5</configXML>
<DHCP>1</DHCP>
<settingsFile>3</settingsFile>
</precedence>
</parameter>
<parameter>
<name>VirtualWindowAppNameList</name>
<parameterID>720</parameterID>
<stringList name="VDI_VIRTUAL_WINDOW_APP_NAME_LIST" pattern="" maxLength="255" maxListLength="255" default="wswc.exe,CDViewer.exe,vmware-view.exe"/>
<defaultPermissionLevel>466</defaultPermissionLevel>
<actionRequiredOnChange>none</actionRequiredOnChange>
<setToDefaultOnCLEAR>false</setToDefaultOnCLEAR>
<setToDefaultOnRESET>false</setToDefaultOnRESET>
<dataCategory>
<deviceSpecific>false</deviceSpecific>
<extensionSpecific>false</extensionSpecific>
<usageRestriction>false</usageRestriction>
<userPreference>true</userPreference>
<account>false</account>
<system>false</system>
<systemValueControl>false</systemValueControl>
<operatingState>false</operatingState>
</dataCategory>
<secure>false</secure>
<precedence>
<default>0</default>
<configXML>5</configXML>
<DHCP>1</DHCP>
<settingsFile>3</settingsFile>
</precedence>
</parameter>
</parameterDefinitions>
