<UserModelist xmlns="http://xml.avaya.com/endpointAPI">
<UserMode>
<id>1</id>
<rowVersion/>
<modeType>h</modeType>
<builtin>true</builtin>
<active>false</active>
<label>home mode</label>
<note/>
<primaryStationMode/>
<primaryStationClient/>
<primaryStationAddress/>
<block/>
</UserMode>
<UserMode>
<id>2</id>
<rowVersion/>
<modeType>o</modeType>
<builtin>true</builtin>
<active>true</active>
<label>office mode</label>
<note/>
<primaryStationMode/>
<primaryStationClient/>
<primaryStationAddress/>
<block/>
</UserMode>
<UserMode>
<id>3</id>
<rowVersion/>
<modeType>m</modeType>
<builtin>true</builtin>
<active>false</active>
<label>mobile mode</label>
<note/>
<primaryStationMode/>
<primaryStationClient/>
<primaryStationAddress/>
<block/>
</UserMode>
<UserMode>
<id>4</id>
<rowVersion/>
<modeType>t</modeType>
<builtin>true</builtin>
<active>false</active>
<label>travel mode</label>
<note/>
<primaryStationMode/>
<primaryStationClient/>
<primaryStationAddress/>
<block/>
</UserMode>
</UserModelist>
